Country;main_color;ArmyNationalitySprite;FlagA;FlagB;END
NONE;Orange;italian;yellow_regular;red_regular;x
C001;LightGray;italian;red_light;silver_regular;X
C002;White;italian;red_dark;silver_regular;X
C003;DarkOrange;italian;red_regular;purple_regular;X
C004;LightGray;italian;silver_regular;grey_regular;X
C005;DarkOrange;italian;yellow_regular;red_regular;X
C006;LightGreen;italian;green_dark;silver_regular;X
C007;Yellow;italian;green_regular;blue_regular;X
C008;LightGreen;italian;red_dark;blue_light;X
C009;LightGray;italian;grey_regular;blue_regular;X
C010;LightBrown;italian;yellow_regular;white_regular;X
C011;DarkRed;italian;green_light;gold_regular;X
C012;Yellow;italian;gold_regular;white_regular;X
C013;DarkGray;italian;blue_regular;black_regular;X
C014;Yellow;italian;blue_light;orange_regular;X
C015;LightGreen;italian;silver_regular;red_light;X
C016;DarkGray;italian;green_dark;yellow_regular;X
C017;Blue;italian;red_dark;yellow_regular;X
C018;Brown;italian;purple_regular;silver_regular;X
C019;DarkBlue;italian;blue_regular;yellow_regular;X
C020;DarkOrange;italian;grey_regular;purple_regular;X
C021;DarkOrange;italian;silver_regular;red_light;X
C022;DarkOrange;italian;yellow_regular;purple_regular;X
C023;LightBrown;italian;red_regular;purple_regular;X
C024;LightGray;italian;grey_regular;orange_regular;X
C025;LightGreen;italian;green_dark;grey_regular;X
C026;Green;italian;yellow_regular;green_light;X
C027;LightGray;italian;gold_regular;silver_regular;X
C028;Blue;italian;blue_regular;red_regular;X
C029;Brown;italian;blue_regular;red_light;X
C030;DarkBlue;italian;blue_light;purple_regular;X
C031;DarkGray;italian;blue_dark;red_dark;X
C032;LightBrown;italian;black_regular;red_regular;X
C033;Yellow;italian;yellow_regular;purple_regular;X
C034;DarkBlue;italian;red_light;yellow_regular;X
C035;LightGreen;italian;red_dark;green_dark;X
C036;DarkBlue;italian;red_regular;green_regular;X
C037;Green;italian;silver_regular;red_dark;X
C038;LightOrange;italian;yellow_regular;grey_regular;X
C039;Yellow;italian;green_dark;yellow_regular;X
C040;DarkBlue;italian;green_regular;green_light;X
C041;LightGray;italian;red_dark;gold_regular;X
C042;LightGreen;italian;grey_regular;blue_regular;X
C043;Yellow;italian;yellow_regular;blue_light;X
C044;LightGreen;italian;green_light;silver_regular;X
C045;Green;italian;gold_regular;green_dark;X
C046;LightGray;italian;blue_regular;red_dark;X
C047;LightGray;italian;blue_light;purple_regular;X
C048;LightOrange;italian;silver_regular;blue_regular;X
C049;DarkBlue;italian;green_dark;grey_regular;X
C050;Green;italian;red_dark;blue_dark;X
C051;LightOrange;italian;purple_regular;black_regular;X
C052;Yellow;italian;blue_regular;yellow_regular;X
C053;Blue;italian;grey_regular;red_light;X
C054;Blue;italian;silver_regular;red_dark;X
C055;DarkRed;italian;yellow_regular;red_regular;X
C056;DarkBlue;italian;red_regular;silver_regular;X
C057;DarkGray;italian;grey_regular;yellow_regular;X
C058;LightGreen;italian;green_dark;green_dark;X
C059;LightOrange;italian;yellow_regular;green_regular;X
C060;DarkRed;italian;gold_regular;red_dark;X
C061;DarkOrange;italian;blue_regular;grey_regular;X
C062;DarkRed;italian;blue_regular;yellow_regular;X
C063;Yellow;italian;blue_light;green_light;X
C064;LightBrown;italian;blue_dark;gold_regular;X
C065;LightGreen;italian;black_regular;blue_regular;X
C066;Blue;italian;yellow_regular;blue_light;X
C067;Brown;italian;red_light;silver_regular;X
C068;Green;italian;red_dark;green_dark;X
C069;Brown;italian;red_regular;red_dark;X
C070;DarkGray;italian;silver_regular;purple_regular;X
C071;DarkRed;italian;yellow_regular;blue_regular;X
C072;DarkBlue;italian;green_dark;blue_regular;X
C073;LightOrange;italian;green_regular;blue_light;X
C074;Brown;italian;red_dark;blue_dark;X
C075;Blue;italian;grey_regular;black_regular;X
C076;LightBrown;italian;yellow_regular;yellow_regular;X
C077;LightGray;italian;green_light;red_light;X
C078;LightGray;italian;gold_regular;red_dark;X
C079;LightBlue;italian;blue_regular;red_regular;X
C080;LightBrown;italian;blue_light;silver_regular;X
C081;DarkGreen;italian;silver_regular;yellow_regular;X
C082;Blue;italian;green_dark;green_dark;X
C083;Gray;italian;red_dark;green_regular;X
C084;Yellow;italian;purple_regular;red_dark;X
C085;LightGreen;italian;blue_regular;grey_regular;X
C086;Yellow;italian;grey_regular;yellow_regular;X
C087;Blue;italian;silver_regular;green_light;X
C088;Brown;italian;yellow_regular;gold_regular;X
C089;Blue;italian;red_regular;blue_regular;X
C090;Brown;italian;grey_regular;blue_light;X
C091;Green;italian;green_dark;silver_regular;X
C092;Green;italian;yellow_regular;green_dark;X
C093;Blue;italian;gold_regular;red_dark;X
C094;DarkGray;italian;blue_regular;purple_regular;X
C095;DarkGreen;italian;blue_regular;blue_regular;X
C096;Green;italian;blue_light;grey_regular;X
C097;LightBrown;italian;blue_dark;silver_regular;X
C098;LightGray;italian;black_regular;yellow_regular;X
C099;LightGreen;italian;yellow_regular;red_regular;X
C100;LightOrange;italian;red_light;grey_regular;X
C101;LightBrown;italian;red_dark;green_dark;X
C102;LightGray;italian;red_regular;yellow_regular;X
C103;LightGreen;italian;silver_regular;gold_regular;X
C104;LightOrange;italian;yellow_regular;blue_regular;X
C105;Yellow;italian;green_dark;blue_regular;X
C106;Brown;italian;green_regular;blue_light;X
C107;LightBlue;italian;red_dark;blue_dark;X
C108;Yellow;italian;grey_regular;black_regular;X
C109;DarkOrange;italian;yellow_regular;yellow_regular;X
C110;Brown;italian;green_light;red_light;X
C111;Blue;italian;gold_regular;red_dark;X
C112;Gray;italian;blue_regular;red_regular;X
C113;Brown;italian;blue_light;silver_regular;X
C114;LightBlue;italian;silver_regular;yellow_regular;X
C115;DarkRed;italian;green_dark;green_dark;X
C116;Blue;italian;red_dark;green_regular;X
C117;DarkGreen;italian;purple_regular;red_dark;X
C118;DarkBlue;italian;blue_regular;grey_regular;X
C119;DarkGray;italian;grey_regular;yellow_regular;X
C120;DarkBlue;italian;silver_regular;green_light;X
C121;LightOrange;italian;yellow_regular;gold_regular;X
C122;LightBlue;italian;red_regular;blue_regular;X
C123;DarkGreen;italian;grey_regular;blue_light;X
C124;Yellow;italian;green_dark;silver_regular;X
C125;Green;italian;yellow_regular;green_dark;X
C126;Blue;italian;gold_regular;red_dark;X
C127;Brown;italian;blue_regular;purple_regular;X
C128;DarkBlue;italian;blue_regular;blue_regular;X
C129;DarkBlue;italian;blue_light;grey_regular;X
C130;DarkGreen;italian;blue_dark;silver_regular;X
C131;DarkBlue;italian;black_regular;yellow_regular;X
C132;Green;italian;yellow_regular;red_regular;X
C133;Green;italian;red_light;grey_regular;X
C134;Brown;italian;red_dark;green_dark;X
C135;DarkBlue;italian;red_regular;yellow_regular;X
C136;DarkOrange;italian;silver_regular;gold_regular;X
C137;DarkBlue;italian;yellow_regular;blue_regular;X
C138;DarkGreen;italian;green_dark;blue_regular;X
C139;Green;italian;green_regular;blue_light;X
C140;Gray;italian;red_dark;blue_dark;X
C141;DarkBlue;italian;grey_regular;black_regular;X
C142;DarkOrange;italian;yellow_regular;yellow_regular;X
C143;Gray;italian;green_light;red_light;X
C144;LightBlue;italian;gold_regular;red_dark;X
C145;Brown;italian;blue_regular;red_regular;X
C146;Gray;italian;blue_light;silver_regular;X
C147;LightBlue;italian;silver_regular;yellow_regular;X
C148;Yellow;italian;green_dark;green_dark;X
C149;Brown;italian;red_dark;green_regular;X
C150;DarkBlue;italian;purple_regular;red_dark;X
C151;DarkGreen;italian;blue_regular;grey_regular;X
C152;LightGray;italian;grey_regular;yellow_regular;X
C153;DarkOrange;italian;silver_regular;green_light;X
C154;LightGray;italian;yellow_regular;gold_regular;X
C155;DarkBlue;italian;red_regular;blue_regular;X
C156;LightGray;italian;grey_regular;blue_light;X
C157;DarkBlue;italian;green_dark;silver_regular;X
C158;White;italian;yellow_regular;green_dark;X
C159;DarkOrange;italian;gold_regular;red_dark;X
C160;LightOrange;italian;blue_regular;purple_regular;X
C161;LightRed;italian;blue_regular;blue_regular;X
C162;White;italian;blue_light;grey_regular;X
C163;DarkBlue;italian;blue_dark;silver_regular;X
C164;DarkOrange;italian;black_regular;yellow_regular;X
C165;LightGray;italian;yellow_regular;red_regular;X
C166;LightOrange;italian;red_light;grey_regular;X
C167;White;italian;red_dark;green_dark;X
C168;DarkOrange;italian;red_regular;yellow_regular;X
C169;DarkBlue;italian;silver_regular;gold_regular;X
C170;DarkOrange;italian;yellow_regular;blue_regular;X
C171;LightGray;italian;green_dark;blue_regular;X
C172;LightOrange;italian;green_regular;blue_light;X
C173;DarkBlue;italian;red_dark;blue_dark;X
C174;DarkYellow;italian;grey_regular;black_regular;X
C175;LightOrange;italian;yellow_regular;yellow_regular;X
C176;DarkOrange;italian;green_light;red_light;X
C177;White;italian;gold_regular;red_dark;X
C178;DarkOrange;italian;blue_regular;red_regular;X
C179;LightRed;italian;blue_light;silver_regular;X
C180;LightRed;italian;silver_regular;yellow_regular;X
C181;LightGray;italian;green_dark;green_dark;X
C182;DarkOrange;italian;red_dark;green_regular;X
C183;LightOrange;italian;purple_regular;red_dark;X
C184;White;italian;blue_regular;grey_regular;X
C185;LightGray;italian;grey_regular;yellow_regular;X
C186;LightOrange;italian;silver_regular;green_light;X
C187;LightGray;italian;yellow_regular;gold_regular;X
C188;DarkBlue;italian;red_regular;blue_regular;X
C189;LightOrange;italian;grey_regular;blue_light;X
C190;LightRed;italian;green_dark;silver_regular;X
C191;LightGray;italian;yellow_regular;green_dark;X
C192;LightOrange;italian;gold_regular;red_dark;X
C193;DarkBlue;italian;blue_regular;purple_regular;X
C194;DarkOrange;italian;blue_regular;blue_regular;X
C195;LightGray;italian;blue_light;grey_regular;X
C196;LightOrange;italian;blue_dark;silver_regular;X
C197;DarkBlue;italian;black_regular;yellow_regular;X
C198;DarkOrange;italian;yellow_regular;red_regular;X
C199;DarkOrange;italian;red_light;grey_regular;X
C200;DarkOrange;italian;red_dark;green_dark;X
C201;LightOrange;italian;red_regular;yellow_regular;X
C202;DarkOrange;italian;silver_regular;gold_regular;X
C203;LightOrange;italian;yellow_regular;blue_regular;X
C204;DarkBlue;italian;green_dark;blue_regular;X
C205;DarkOrange;italian;green_regular;blue_light;X
C206;LightGreen;italian;red_dark;blue_dark;X
C207;DarkBlue;italian;grey_regular;black_regular;X
C208;DarkOrange;italian;yellow_regular;yellow_regular;X
C209;Blue;italian;green_light;red_light;X
C210;LightBrown;italian;gold_regular;red_dark;X
C211;Brown;italian;blue_regular;red_regular;X
C212;DarkBlue;italian;blue_light;silver_regular;X
C213;DarkGreen;italian;silver_regular;yellow_regular;X
C214;LightBrown;italian;green_dark;green_dark;X
C215;LightGray;italian;red_dark;green_regular;X
C216;White;italian;purple_regular;red_dark;X
C217;LightGreen;italian;blue_regular;grey_regular;X
C218;LightOrange;italian;grey_regular;yellow_regular;X
C219;LightOrange;italian;silver_regular;green_light;X
C220;Green;italian;yellow_regular;gold_regular;X
C221;DarkGreen;italian;red_regular;blue_regular;X
C222;Green;italian;grey_regular;blue_light;X
C223;DarkOrange;italian;green_dark;silver_regular;X
C224;DarkGreen;italian;yellow_regular;green_dark;X
C225;Green;italian;gold_regular;red_dark;X
C226;Blue;italian;blue_regular;purple_regular;X
C227;Brown;italian;blue_regular;blue_regular;X
C228;DarkBlue;italian;blue_light;grey_regular;X
C229;Green;italian;blue_dark;silver_regular;X
C230;DarkBlue;italian;black_regular;yellow_regular;X
C231;Brown;italian;yellow_regular;red_regular;X
C232;LightBlue;italian;red_light;grey_regular;X
C233;LightBrown;italian;red_dark;green_dark;X
C234;LightBlue;italian;red_regular;yellow_regular;X
C235;LightBrown;italian;silver_regular;gold_regular;X
C236;Blue;italian;yellow_regular;blue_regular;X
C237;DarkGray;italian;green_dark;blue_regular;X
C238;Yellow;italian;green_regular;blue_light;X
C239;LightGreen;italian;red_dark;blue_dark;X
C240;DarkGreen;italian;grey_regular;black_regular;X
C241;LightOrange;italian;yellow_regular;yellow_regular;X
C242;Brown;italian;green_light;red_light;X
C243;Blue;italian;gold_regular;red_dark;X
C244;DarkGray;italian;blue_regular;red_regular;X
C245;Yellow;italian;blue_light;silver_regular;X
C246;DarkRed;italian;silver_regular;yellow_regular;X
C247;Gray;italian;green_dark;green_dark;X
C248;LightOrange;italian;red_dark;green_regular;X
C249;Gray;italian;purple_regular;red_dark;X
C250;LightBrown;italian;blue_regular;grey_regular;X
C251;LightGray;italian;grey_regular;yellow_regular;X
C252;LightGreen;italian;silver_regular;green_light;X
C253;LightBrown;italian;yellow_regular;gold_regular;X
C254;LightGray;italian;red_regular;blue_regular;X
C255;LightGreen;italian;grey_regular;blue_light;X
C256;DarkGray;italian;green_dark;silver_regular;X
C257;DarkGreen;italian;yellow_regular;green_dark;X
C258;DarkOrange;italian;gold_regular;red_dark;X
C259;DarkRed;italian;blue_regular;purple_regular;X
C260;DarkOrange;italian;blue_regular;blue_regular;X
C261;White;italian;blue_light;grey_regular;X
C262;Gray;italian;blue_dark;silver_regular;X
C263;LightRed;italian;black_regular;yellow_regular;X
C264;Gray;italian;yellow_regular;red_regular;X
C265;LightGray;italian;red_light;grey_regular;X
C266;Brown;italian;red_dark;green_dark;X
C267;DarkBlue;italian;red_regular;yellow_regular;X
C268;LightGray;italian;silver_regular;gold_regular;X
C269;Yellow;italian;yellow_regular;blue_regular;X
C270;Blue;italian;green_dark;blue_regular;X
C271;Green;italian;green_regular;blue_light;X
C272;White;italian;red_dark;blue_dark;X
C273;LightGreen;italian;grey_regular;black_regular;X
C274;Brown;italian;yellow_regular;yellow_regular;X
C275;DarkBlue;italian;green_light;red_light;X
C276;DarkGreen;italian;gold_regular;red_dark;X
C277;DarkOrange;italian;blue_regular;red_regular;X
C278;Gray;italian;blue_light;silver_regular;X
C279;Gray;italian;silver_regular;yellow_regular;X
C280;Blue;italian;green_dark;green_dark;X
C281;DarkOrange;italian;red_dark;green_regular;X
C282;White;italian;purple_regular;red_dark;X
C283;LightGreen;italian;blue_regular;grey_regular;X
C284;Brown;italian;grey_regular;yellow_regular;X
C285;LightBlue;italian;silver_regular;green_light;X
C286;LightGray;italian;yellow_regular;gold_regular;X
C287;LightOrange;italian;red_regular;blue_regular;X
C288;Gray;italian;grey_regular;blue_light;X
C289;Blue;italian;green_dark;silver_regular;X
C290;Brown;italian;yellow_regular;green_dark;X
C291;DarkBlue;italian;gold_regular;red_dark;X
C292;LightGreen;italian;blue_regular;purple_regular;X
C293;White;italian;blue_regular;blue_regular;X
C294;LightGray;italian;blue_light;grey_regular;X
C295;Green;italian;blue_dark;silver_regular;X
C296;Green;italian;black_regular;yellow_regular;X
C297;DarkGreen;italian;yellow_regular;red_regular;X
C298;DarkGreen;italian;yellow_regular;grey_regular;X
C299;Yellow;italian;red_light;green_dark;X
C300;DarkBlue;italian;red_dark;yellow_regular;X
C301;DarkOrange;italian;red_regular;gold_regular;X
C302;DarkGreen;italian;silver_regular;blue_regular;X
C303;DarkOrange;italian;yellow_regular;blue_regular;X
C304;White;italian;green_dark;blue_light;X
C305;LightRed;italian;green_regular;blue_dark;X
C306;Green;italian;red_dark;black_regular;X
C307;White;italian;grey_regular;yellow_regular;X
C308;Yellow;italian;yellow_regular;yellow_regular;X
C309;DarkOrange;italian;green_light;red_light;X
C310;DarkRed;italian;gold_regular;red_dark;X
C311;LightBlue;italian;blue_regular;red_regular;X
C312;LightBrown;italian;blue_light;silver_regular;X
C313;LightOrange;italian;silver_regular;yellow_regular;X
C314;Blue;italian;green_dark;green_dark;X
C315;LightRed;italian;red_dark;green_regular;X
C316;Blue;italian;purple_regular;red_dark;X
C317;Gray;italian;blue_regular;grey_regular;X
C318;Gray;italian;grey_regular;yellow_regular;X
C319;DarkGreen;italian;silver_regular;green_light;X
C320;LightBlue;italian;yellow_regular;gold_regular;X
C321;Blue;italian;red_regular;blue_regular;X
C322;LightGray;italian;grey_regular;blue_light;X
C323;Brown;italian;green_dark;silver_regular;X
C324;DarkBlue;italian;yellow_regular;green_dark;X
C325;LightGray;italian;gold_regular;red_dark;X
C326;Brown;italian;blue_regular;purple_regular;X
C327;DarkBlue;italian;blue_regular;blue_regular;X
C328;DarkRed;italian;blue_light;grey_regular;X
C329;Blue;italian;blue_dark;silver_regular;X
C330;Yellow;italian;black_regular;yellow_regular;X
C331;DarkGray;italian;yellow_regular;red_regular;X
C332;LightBrown;italian;red_light;grey_regular;X
C333;LightBrown;italian;red_dark;green_dark;X
C334;Gray;italian;red_regular;yellow_regular;X
C335;Yellow;italian;silver_regular;gold_regular;X
C336;DarkGreen;italian;yellow_regular;blue_regular;X
C337;Gray;italian;green_dark;blue_regular;X
C338;Blue;italian;green_regular;blue_light;X
C339;LightRed;italian;red_dark;blue_dark;X
C340;DarkRed;italian;grey_regular;black_regular;X
C341;Yellow;italian;yellow_regular;yellow_regular;X
C342;LightOrange;italian;green_light;red_light;X
C343;LightBrown;italian;gold_regular;red_dark;X
C344;Brown;italian;blue_regular;red_regular;X
C345;LightOrange;italian;blue_light;silver_regular;X
C346;LightBlue;italian;silver_regular;yellow_regular;X
C347;LightBrown;italian;green_dark;green_dark;X
C348;LightGray;italian;red_dark;green_regular;X
C349;Gray;italian;purple_regular;red_dark;X
C350;LightGray;italian;blue_regular;grey_regular;X
C351;LightOrange;italian;grey_regular;yellow_regular;X
C352;Brown;italian;silver_regular;green_light;X
C353;LightBrown;italian;yellow_regular;gold_regular;X
C354;LightGray;italian;red_regular;blue_regular;X
C355;DarkGray;italian;grey_regular;blue_light;X
C356;LightBrown;italian;green_dark;silver_regular;X
C357;DarkRed;italian;yellow_regular;green_dark;X
C358;LightBlue;italian;gold_regular;red_dark;X
C359;DarkGreen;italian;blue_regular;purple_regular;X
C360;DarkBlue;italian;blue_regular;blue_regular;X
C361;White;italian;blue_light;grey_regular;X
C362;DarkBlue;italian;blue_dark;silver_regular;X
C363;DarkGray;italian;black_regular;yellow_regular;X
C364;LightGray;italian;yellow_regular;red_regular;X
C365;Gray;italian;red_light;grey_regular;X
C366;LightBlue;italian;red_dark;green_dark;X
C367;LightBrown;italian;red_regular;yellow_regular;X
C368;LightGray;italian;silver_regular;gold_regular;X
C369;Brown;italian;yellow_regular;blue_regular;X
C370;Yellow;italian;green_dark;blue_regular;X
C371;LightGray;italian;green_regular;blue_light;X
C372;Green;italian;red_dark;blue_dark;X
C373;DarkGreen;italian;grey_regular;black_regular;X
C374;Brown;italian;yellow_regular;yellow_regular;X
C375;DarkBlue;italian;green_light;red_light;X
C376;DarkRed;italian;gold_regular;red_dark;X
C377;Blue;italian;blue_regular;red_regular;X
C378;DarkRed;italian;blue_light;silver_regular;X
C379;Yellow;italian;silver_regular;yellow_regular;X
C380;Green;italian;green_dark;green_dark;X
C381;White;italian;red_dark;green_regular;X
C382;Yellow;italian;purple_regular;red_dark;X
C383;Blue;italian;blue_regular;grey_regular;X
C384;Brown;italian;grey_regular;yellow_regular;X
C385;Green;italian;silver_regular;green_light;X
C386;DarkBlue;italian;yellow_regular;gold_regular;X
C387;Brown;italian;red_regular;blue_regular;X
C388;DarkBlue;italian;grey_regular;blue_light;X
C389;LightRed;italian;green_dark;silver_regular;X
C390;LightGray;italian;yellow_regular;green_dark;X
C391;DarkGreen;italian;gold_regular;red_dark;X
C392;LightGray;italian;blue_regular;purple_regular;X
C393;Gray;italian;blue_regular;blue_regular;X
C394;Green;italian;blue_light;grey_regular;X
C395;LightBlue;italian;blue_dark;silver_regular;X
C396;LightBrown;italian;black_regular;yellow_regular;X
C397;Blue;italian;yellow_regular;red_regular;X
C398;LightGreen;italian;silver_regular;grey_regular;X
C399;LightOrange;italian;yellow_regular;green_dark;X
C400;Brown;italian;yellow_regular;yellow_regular;X
C401;LightBrown;italian;red_light;gold_regular;X
C402;White;italian;red_dark;blue_regular;X
C403;Blue;italian;red_regular;blue_regular;X
C404;DarkBlue;italian;silver_regular;blue_light;X
C405;DarkGray;italian;yellow_regular;blue_dark;X
C406;DarkOrange;italian;green_dark;black_regular;X
C407;Green;italian;green_regular;yellow_regular;X
C408;DarkRed;italian;red_dark;silver_regular;X
C409;DarkOrange;italian;grey_regular;yellow_regular;X
C410;Gray;italian;yellow_regular;yellow_regular;X
C411;Green;italian;green_light;red_light;X
C412;LightBlue;italian;gold_regular;red_dark;X
C413;DarkBlue;italian;blue_regular;red_regular;X
C414;LightBrown;italian;blue_light;silver_regular;X
C415;DarkGray;italian;silver_regular;yellow_regular;X
C416;LightBlue;italian;green_dark;green_dark;X
C417;LightGray;italian;red_dark;green_regular;X
C418;LightGreen;italian;purple_regular;red_dark;X
C419;LightBrown;italian;blue_regular;grey_regular;X
C420;Yellow;italian;grey_regular;yellow_regular;X
C421;Blue;italian;silver_regular;green_light;X
C422;DarkGray;italian;yellow_regular;gold_regular;X
C423;DarkGreen;italian;red_regular;blue_regular;X
C424;LightGreen;italian;grey_regular;blue_light;X
C425;DarkRed;italian;green_dark;silver_regular;X
C426;Yellow;italian;yellow_regular;green_dark;X
C427;LightGreen;italian;gold_regular;red_dark;X
C428;LightBrown;italian;blue_regular;purple_regular;X
C429;Green;italian;blue_regular;blue_regular;X
C430;Blue;italian;blue_light;grey_regular;X
C431;Brown;italian;blue_dark;silver_regular;X
C432;LightGray;italian;black_regular;yellow_regular;X
C433;DarkGreen;italian;yellow_regular;red_regular;X
C434;LightRed;italian;red_light;grey_regular;X
C435;White;italian;red_dark;green_dark;X
C436;DarkGreen;italian;red_regular;yellow_regular;X
C437;DarkOrange;italian;silver_regular;gold_regular;X
C438;DarkRed;italian;yellow_regular;blue_regular;X
C439;Gray;italian;green_dark;blue_regular;X
C440;Green;italian;green_regular;blue_light;X
C441;LightBlue;italian;red_dark;blue_dark;X
C442;DarkGray;italian;grey_regular;black_regular;X
C443;LightGray;italian;yellow_regular;yellow_regular;X
C444;LightGreen;italian;green_light;red_light;X
C445;LightRed;italian;gold_regular;red_dark;X
C446;LightBrown;italian;blue_regular;red_regular;X
C447;LightGreen;italian;blue_light;silver_regular;X
C448;LightOrange;italian;silver_regular;yellow_regular;X
C449;LightRed;italian;green_dark;green_dark;X
C450;DarkGreen;italian;red_dark;green_regular;X
C451;DarkBlue;italian;purple_regular;red_dark;X
C452;DarkGray;italian;blue_regular;grey_regular;X
C453;DarkBlue;italian;grey_regular;yellow_regular;X
C454;White;italian;silver_regular;green_light;X
C455;LightBlue;italian;yellow_regular;gold_regular;X
C456;Yellow;italian;red_regular;blue_regular;X
C457;LightGray;italian;grey_regular;blue_light;X
C458;Green;italian;green_dark;silver_regular;X
C459;LightBlue;italian;yellow_regular;green_dark;X
C460;DarkBlue;italian;gold_regular;red_dark;X
C461;LightGreen;italian;blue_regular;purple_regular;X
C462;LightOrange;italian;blue_regular;blue_regular;X
C463;White;italian;blue_light;grey_regular;X
C464;LightBrown;italian;blue_dark;silver_regular;X
C465;DarkOrange;italian;black_regular;yellow_regular;X
C466;Brown;italian;yellow_regular;red_regular;X
C467;DarkRed;italian;red_light;grey_regular;X
C468;Yellow;italian;red_dark;green_dark;X
C469;Brown;italian;red_regular;yellow_regular;X
C470;LightGreen;italian;silver_regular;gold_regular;X
C471;LightOrange;italian;yellow_regular;blue_regular;X
C472;DarkOrange;italian;green_dark;blue_regular;X
C473;LightBlue;italian;green_regular;blue_light;X
C474;DarkGreen;italian;red_dark;blue_dark;X
C475;White;italian;grey_regular;black_regular;X
C476;White;italian;yellow_regular;yellow_regular;X
C477;Yellow;italian;green_light;red_light;X
C478;Brown;italian;gold_regular;red_dark;X
C479;DarkRed;italian;blue_regular;red_regular;X
C480;Green;italian;blue_light;silver_regular;X
C481;Green;italian;silver_regular;yellow_regular;X
C482;Yellow;italian;green_dark;green_dark;X
C483;LightBlue;italian;red_dark;green_regular;X
C484;Brown;italian;purple_regular;red_dark;X
C485;DarkOrange;italian;blue_regular;grey_regular;X
C486;LightBrown;italian;grey_regular;yellow_regular;X
C487;DarkRed;italian;silver_regular;green_light;X
C488;Brown;italian;yellow_regular;gold_regular;X
C489;DarkOrange;italian;red_regular;blue_regular;X
C490;LightBlue;italian;grey_regular;blue_light;X
C491;Yellow;italian;green_dark;silver_regular;X
C492;DarkRed;italian;yellow_regular;green_dark;X
C493;Green;italian;gold_regular;red_dark;X
C494;White;italian;blue_regular;purple_regular;X
C495;Yellow;italian;blue_regular;blue_regular;X
C496;LightGreen;italian;blue_light;grey_regular;X
C497;LightOrange;italian;blue_dark;silver_regular;X
C498;LightBlue;italian;black_regular;yellow_regular;X
C499;Brown;italian;yellow_regular;red_regular;X
C500;LightGreen;italian;red_light;grey_regular;X
C501;DarkRed;italian;red_dark;green_dark;X
C502;DarkOrange;italian;red_regular;yellow_regular;X
C503;LightOrange;italian;silver_regular;gold_regular;X
C504;White;italian;yellow_regular;blue_regular;X
C505;LightGreen;italian;green_dark;blue_regular;X
C506;Green;italian;green_regular;blue_light;X
C507;DarkRed;italian;red_dark;blue_dark;X
C508;Green;italian;grey_regular;black_regular;X
C509;LightBrown;italian;yellow_regular;yellow_regular;X
C510;DarkOrange;italian;green_light;red_light;X
C511;LightOrange;italian;gold_regular;red_dark;X
C512;LightBrown;italian;blue_regular;red_regular;X
C513;LightGray;italian;blue_light;silver_regular;X
C514;LightGreen;italian;silver_regular;yellow_regular;X
C515;White;italian;green_dark;green_dark;X
C516;Yellow;italian;red_dark;green_regular;X
C517;DarkGray;italian;purple_regular;red_dark;X
C518;DarkGreen;italian;blue_regular;grey_regular;X
C519;White;italian;grey_regular;yellow_regular;X
C520;DarkRed;italian;silver_regular;green_light;X
C521;Green;italian;yellow_regular;gold_regular;X
C522;LightBlue;italian;red_regular;blue_regular;X
C523;LightBrown;italian;grey_regular;blue_light;X
C524;Yellow;italian;green_dark;silver_regular;X
C525;Blue;italian;yellow_regular;green_dark;X
C526;DarkGreen;italian;gold_regular;red_dark;X
C527;DarkRed;italian;blue_regular;purple_regular;X
C528;Green;italian;blue_regular;blue_regular;X
C529;LightGreen;italian;blue_light;grey_regular;X
C530;Blue;italian;blue_dark;silver_regular;X
C531;Yellow;italian;black_regular;yellow_regular;X
C532;LightBlue;italian;yellow_regular;red_regular;X
C533;Brown;italian;red_light;grey_regular;X
C534;DarkBlue;italian;red_dark;green_dark;X
C535;DarkGray;italian;red_regular;yellow_regular;X
C536;LightBlue;italian;silver_regular;gold_regular;X
C537;Blue;italian;yellow_regular;blue_regular;X
C538;Brown;italian;green_dark;blue_regular;X
C539;DarkRed;italian;green_regular;blue_light;X
C540;Green;italian;red_dark;blue_dark;X
C541;Blue;italian;grey_regular;black_regular;X
C542;LightGray;italian;yellow_regular;yellow_regular;X
C543;LightGreen;italian;green_light;red_light;X
C544;White;italian;gold_regular;red_dark;X
C545;LightBrown;italian;blue_regular;red_regular;X
C546;LightGray;italian;blue_light;silver_regular;X
C547;LightGreen;italian;silver_regular;yellow_regular;X
C548;DarkBlue;italian;green_dark;green_dark;X
C549;DarkGray;italian;red_dark;green_regular;X
C550;LightOrange;italian;purple_regular;red_dark;X
C551;LightGreen;italian;blue_regular;grey_regular;X
C552;LightOrange;italian;grey_regular;yellow_regular;X
C553;LightBlue;italian;silver_regular;green_light;X
C554;LightBlue;italian;yellow_regular;gold_regular;X
C555;LightGray;italian;red_regular;blue_regular;X
C556;LightGreen;italian;grey_regular;blue_light;X
C557;DarkOrange;italian;green_dark;silver_regular;X
C558;DarkRed;italian;yellow_regular;green_dark;X
C559;Gray;italian;gold_regular;red_dark;X
C560;Brown;italian;blue_regular;purple_regular;X
C561;DarkBlue;italian;blue_regular;blue_regular;X
C562;DarkGray;italian;blue_light;grey_regular;X
C563;Green;italian;blue_dark;silver_regular;X
C564;Brown;italian;black_regular;yellow_regular;X
C565;LightOrange;italian;yellow_regular;red_regular;X
C566;Blue;italian;red_light;grey_regular;X
C567;White;italian;red_dark;green_dark;X
C568;White;italian;red_regular;yellow_regular;X
C569;Blue;italian;silver_regular;gold_regular;X
C570;DarkGray;italian;yellow_regular;blue_regular;X
C571;DarkOrange;italian;green_dark;blue_regular;X
C572;LightBlue;italian;green_regular;blue_light;X
C573;Blue;italian;red_dark;blue_dark;X
C574;DarkOrange;italian;grey_regular;black_regular;X
C575;DarkGray;italian;yellow_regular;yellow_regular;X
C576;DarkGray;italian;green_light;red_light;X
C577;Brown;italian;gold_regular;red_dark;X
C578;DarkRed;italian;blue_regular;red_regular;X
C579;DarkRed;italian;blue_light;silver_regular;X
C580;Gray;italian;silver_regular;yellow_regular;X
C581;Green;italian;green_dark;green_dark;X
C582;Gray;italian;red_dark;green_regular;X
C583;Brown;italian;purple_regular;red_dark;X
C584;LightBlue;italian;blue_regular;grey_regular;X
C585;DarkBlue;italian;grey_regular;yellow_regular;X
C586;LightBrown;italian;silver_regular;green_light;X
C587;LightGreen;italian;yellow_regular;gold_regular;X
C588;DarkRed;italian;red_regular;blue_regular;X
C589;LightOrange;italian;grey_regular;blue_light;X
C590;White;italian;green_dark;silver_regular;X
C591;White;italian;yellow_regular;green_dark;X
C592;Blue;italian;gold_regular;red_dark;X
C593;LightBrown;italian;blue_regular;purple_regular;X
C594;LightBlue;italian;blue_regular;blue_regular;X
C595;LightBrown;italian;blue_light;grey_regular;X
C596;LightGray;italian;blue_dark;silver_regular;X
C597;DarkOrange;italian;black_regular;yellow_regular;X
C598;Green;italian;yellow_regular;red_regular;X
C599;Gray;italian;red_light;grey_regular;X
C600;LightBlue;italian;red_dark;green_dark;X
C601;LightBrown;italian;red_regular;yellow_regular;X
C602;Green;italian;silver_regular;gold_regular;X
C603;White;italian;yellow_regular;blue_regular;X
C604;Blue;italian;green_dark;blue_regular;X
C605;Brown;italian;green_regular;blue_light;X
C606;DarkBlue;italian;red_dark;blue_dark;X
C607;DarkGray;italian;grey_regular;black_regular;X
C608;Green;italian;yellow_regular;yellow_regular;X
C609;Blue;italian;green_light;red_light;X
C610;Brown;italian;gold_regular;red_dark;X
C611;DarkBlue;italian;blue_regular;red_regular;X
C612;DarkGray;italian;blue_light;silver_regular;X
C613;DarkOrange;italian;silver_regular;yellow_regular;X
C614;DarkRed;italian;green_dark;green_dark;X
C615;Gray;italian;red_dark;green_regular;X
C616;LightBlue;italian;purple_regular;red_dark;X
C617;LightBrown;italian;blue_regular;grey_regular;X
C618;LightGray;italian;grey_regular;yellow_regular;X
C619;LightGreen;italian;silver_regular;green_light;X
C620;LightOrange;italian;yellow_regular;gold_regular;X
C621;LightBlue;italian;red_regular;blue_regular;X
C622;Gray;italian;grey_regular;blue_light;X
C623;LightGreen;italian;green_dark;silver_regular;X
C624;LightOrange;italian;yellow_regular;green_dark;X
C625;White;italian;gold_regular;red_dark;X
C626;DarkOrange;italian;blue_regular;purple_regular;X
C627;LightGray;italian;blue_regular;blue_regular;X
C628;LightGreen;italian;blue_light;grey_regular;X
C629;White;italian;blue_dark;silver_regular;X
C630;DarkGray;italian;black_regular;yellow_regular;X
C631;Green;italian;yellow_regular;red_regular;X
C632;DarkBlue;italian;red_light;grey_regular;X
C633;DarkGreen;italian;red_dark;green_dark;X
C634;Green;italian;red_regular;yellow_regular;X
C635;LightBlue;italian;silver_regular;gold_regular;X
C636;LightBrown;italian;yellow_regular;blue_regular;X
C637;DarkGray;italian;green_dark;blue_regular;X
C638;White;italian;green_regular;blue_light;X
C639;Green;italian;red_dark;blue_dark;X
C640;LightBlue;italian;grey_regular;black_regular;X
C641;LightBrown;italian;yellow_regular;yellow_regular;X
C642;LightGreen;italian;green_light;red_light;X
C643;Green;italian;gold_regular;red_dark;X
C644;LightBlue;italian;blue_regular;yellow_regular;X
C645;LightBrown;italian;blue_light;red_light;X
C646;Brown;italian;silver_regular;red_dark;X
C647;DarkBlue;italian;green_dark;red_regular;X
C648;LightGreen;italian;red_dark;silver_regular;X
C649;Green;italian;purple_regular;yellow_regular;X
C650;LightBlue;italian;blue_regular;green_dark;X
C651;DarkBlue;italian;grey_regular;green_regular;X
C652;DarkGray;italian;silver_regular;red_dark;X
C653;LightGray;italian;yellow_regular;grey_regular;X
C654;LightBrown;italian;red_regular;yellow_regular;X
C655;LightOrange;italian;grey_regular;green_light;X
C656;White;italian;green_dark;silver_regular;X
C657;LightOrange;italian;yellow_regular;green_dark;X
C658;White;italian;gold_regular;red_dark;X
C659;Brown;italian;blue_regular;purple_regular;X
C660;DarkBlue;italian;blue_regular;blue_regular;X
C661;DarkGray;italian;blue_light;grey_regular;X
C662;DarkOrange;italian;blue_dark;silver_regular;X
C663;LightOrange;italian;black_regular;yellow_regular;X
C664;Brown;italian;yellow_regular;red_regular;X
C665;White;italian;red_light;grey_regular;X
C666;LightOrange;italian;red_dark;green_dark;X
C667;White;italian;red_regular;yellow_regular;X
C668;LightBlue;italian;silver_regular;gold_regular;X
C669;LightBrown;italian;yellow_regular;blue_regular;X
C670;DarkGreen;italian;green_dark;blue_regular;X
C671;LightOrange;italian;green_regular;blue_light;X
C672;LightBrown;italian;red_dark;blue_dark;X
C673;LightGray;italian;grey_regular;black_regular;X
C674;Brown;italian;yellow_regular;yellow_regular;X
C675;DarkBlue;italian;green_light;red_light;X
C676;DarkBlue;italian;gold_regular;red_dark;X
C677;DarkGray;italian;blue_regular;red_regular;X
C678;DarkBlue;italian;blue_light;silver_regular;X
C679;Green;italian;silver_regular;yellow_regular;X
C680;LightBlue;italian;green_dark;green_dark;X
C681;White;italian;red_dark;green_regular;X
C682;Brown;italian;purple_regular;red_dark;X
C683;Green;italian;blue_regular;grey_regular;X
C684;LightGray;italian;grey_regular;purple_regular;X
C685;DarkGray;italian;silver_regular;red_dark;X
C686;DarkOrange;italian;yellow_regular;white_regular;X
C687;Gray;italian;red_regular;red_light;X
C688;Gray;italian;grey_regular;green_regular;X
C689;DarkBlue;italian;green_dark;grey_regular;X
C690;DarkGray;italian;yellow_regular;green_regular;X
C691;White;italian;gold_regular;green_light;X
C692;Brown;italian;blue_regular;green_dark;X
C693;Green;italian;blue_regular;gold_regular;X
C694;DarkBlue;italian;blue_light;blue_regular;X
C695;LightBrown;italian;blue_dark;blue_light;X
C696;LightGray;italian;black_regular;blue_dark;X
C697;LightOrange;italian;yellow_regular;black_regular;X
C698;DarkBlue;italian;yellow_regular;yellow_regular;X
C699;DarkGray;italian;red_light;white_regular;X
C700;LightBrown;italian;red_dark;silver_regular;X
C701;LightOrange;italian;red_regular;red_regular;X
C702;DarkGray;italian;green_dark;gold_regular;X
C703;Green;italian;red_dark;white_regular;X
C704;Brown;italian;purple_regular;blue_light;X
C705;LightBlue;italian;blue_regular;blue_dark;X
C706;LightGray;italian;grey_regular;black_regular;X
C707;LightOrange;italian;silver_regular;yellow_regular;X
C708;White;italian;yellow_regular;yellow_regular;X
C709;DarkBlue;italian;red_regular;red_light;X
C710;DarkGreen;italian;grey_regular;red_dark;X
C711;DarkGray;italian;green_dark;red_regular;X
C712;Green;italian;yellow_regular;silver_regular;X
C713;LightBlue;italian;gold_regular;yellow_regular;X
C714;LightGray;italian;blue_regular;green_dark;X
C715;LightOrange;italian;blue_regular;green_regular;X
C716;LightOrange;italian;blue_light;red_dark;X
C717;DarkOrange;italian;blue_dark;grey_regular;X
C718;LightBlue;italian;black_regular;yellow_regular;X
C719;LightBrown;italian;yellow_regular;green_light;X
C720;LightGray;italian;red_light;gold_regular;X
C721;White;italian;red_dark;blue_regular;X
C722;Brown;italian;grey_regular;blue_light;X
C723;White;italian;green_dark;silver_regular;X
C724;Brown;italian;yellow_regular;green_dark;X
C725;Brown;italian;gold_regular;red_dark;X
C726;Gray;italian;blue_regular;purple_regular;X
C727;LightBrown;italian;blue_regular;blue_regular;X
C728;DarkGray;italian;blue_light;grey_regular;X
C729;Green;italian;blue_dark;purple_regular;X
C730;LightBlue;italian;black_regular;red_dark;X
C731;DarkGreen;italian;yellow_regular;white_regular;X
C732;DarkGray;italian;red_light;red_light;X
C733;White;italian;red_dark;green_regular;X
C734;LightBrown;italian;red_regular;grey_regular;X
C735;LightGray;italian;silver_regular;green_regular;X
C736;LightOrange;italian;yellow_regular;green_light;X
C737;DarkOrange;italian;green_dark;green_dark;X
C738;LightGreen;italian;green_regular;gold_regular;X
C739;White;italian;red_dark;blue_regular;X
C740;Green;italian;grey_regular;blue_light;X
C741;LightBlue;italian;yellow_regular;blue_dark;X
C742;DarkGreen;italian;green_light;black_regular;X
C743;DarkOrange;italian;gold_regular;yellow_regular;X
C744;Blue;italian;blue_regular;white_regular;X
C745;LightBrown;italian;blue_light;silver_regular;X
C746;LightGray;italian;silver_regular;red_regular;X
C747;Brown;italian;green_dark;gold_regular;X
C748;Gray;italian;red_dark;white_regular;X
C749;LightBrown;italian;purple_regular;red_dark;X
C750;Gray;italian;purple_regular;grey_regular;X
C751;LightGray;italian;red_dark;yellow_regular;X
C752;White;italian;white_regular;green_light;X
C753;LightGreen;italian;red_light;gold_regular;X
C754;Blue;italian;green_regular;blue_regular;X
C755;DarkBlue;italian;grey_regular;blue_light;X
C756;DarkBlue;italian;green_regular;silver_regular;X
C757;DarkGreen;italian;green_light;green_dark;X
C758;Brown;italian;green_dark;red_dark;X
C759;Green;italian;gold_regular;purple_regular;X
C760;LightBlue;italian;blue_regular;blue_regular;X
C761;DarkBlue;italian;blue_light;grey_regular;X
C762;DarkGreen;italian;blue_dark;silver_regular;X
C763;Blue;italian;black_regular;yellow_regular;X
C764;Brown;italian;purple_regular;red_regular;X
C765;Green;italian;red_dark;grey_regular;X
C766;LightBlue;italian;white_regular;green_dark;X
C767;DarkBlue;italian;red_light;yellow_regular;X
C768;LightGray;italian;green_regular;gold_regular;X
C769;LightBlue;italian;grey_regular;blue_regular;X
C770;LightBrown;italian;green_regular;blue_regular;X
C771;LightGray;italian;green_light;blue_light;X
C772;LightGreen;italian;green_dark;blue_dark;X
C773;Green;italian;gold_regular;black_regular;X
C774;White;italian;blue_regular;yellow_regular;X
C775;DarkOrange;italian;blue_light;red_light;X
C776;DarkGreen;italian;blue_dark;red_dark;X
C777;DarkOrange;italian;black_regular;red_regular;X
C778;Gray;italian;yellow_regular;silver_regular;X
C779;Gray;italian;white_regular;yellow_regular;X
C780;DarkBlue;italian;silver_regular;green_dark;X
C781;Green;italian;red_regular;green_regular;X
C782;DarkOrange;italian;gold_regular;red_dark;X
C783;LightBlue;italian;white_regular;grey_regular;X
C784;Yellow;italian;grey_regular;yellow_regular;X
C785;LightBlue;italian;silver_regular;green_light;X
C786;DarkRed;italian;yellow_regular;gold_regular;X
C787;LightBrown;italian;red_regular;blue_regular;X
C788;LightGreen;italian;grey_regular;blue_light;X
C789;DarkRed;italian;green_dark;silver_regular;X
C790;DarkOrange;italian;yellow_regular;green_dark;X
C791;Green;italian;purple_regular;red_dark;X
C792;DarkBlue;italian;red_dark;purple_regular;X
C793;Yellow;italian;white_regular;blue_regular;X
C794;LightGreen;italian;red_light;grey_regular;X
C795;LightOrange;italian;green_regular;silver_regular;X
C796;DarkGray;italian;grey_regular;yellow_regular;X
C797;LightOrange;italian;green_regular;red_regular;X
C798;LightBrown;italian;green_light;grey_regular;X
C799;LightGreen;italian;green_dark;green_dark;X
C800;DarkOrange;italian;gold_regular;yellow_regular;X
C801;DarkRed;italian;blue_regular;gold_regular;X
C802;Green;italian;blue_light;blue_regular;X
C803;LightBlue;italian;blue_dark;blue_regular;X
C804;LightBrown;italian;black_regular;blue_light;X
C805;Green;italian;yellow_regular;blue_dark;X
C806;LightBlue;italian;white_regular;black_regular;X
C807;LightBrown;italian;silver_regular;yellow_regular;X
C808;LightGreen;italian;red_regular;yellow_regular;X
C809;DarkOrange;italian;gold_regular;red_light;X
C810;LightBrown;italian;white_regular;red_dark;X
C811;LightGreen;italian;blue_regular;red_regular;X
C812;DarkRed;italian;blue_light;purple_regular;X
C813;LightOrange;italian;silver_regular;red_dark;X
C814;Green;italian;green_dark;white_regular;X
C815;LightBlue;italian;red_dark;red_light;X
C816;DarkRed;italian;purple_regular;green_regular;X
C817;LightOrange;italian;blue_regular;grey_regular;X
C818;Yellow;italian;grey_regular;green_regular;X
C819;DarkBlue;italian;silver_regular;green_light;X
C820;DarkGray;italian;yellow_regular;green_dark;X
C821;DarkGray;italian;red_regular;gold_regular;X
C822;DarkOrange;italian;grey_regular;blue_regular;X
C823;DarkBlue;italian;green_dark;blue_light;X
C824;LightBlue;italian;yellow_regular;blue_dark;X
C825;Green;italian;gold_regular;black_regular;X
C826;DarkBlue;italian;blue_regular;yellow_regular;X
C827;DarkGray;italian;blue_regular;white_regular;X
C828;DarkRed;italian;blue_light;silver_regular;X
C829;Green;italian;blue_dark;red_regular;X
C830;Yellow;italian;black_regular;gold_regular;X
C831;LightOrange;italian;yellow_regular;white_regular;X
C832;DarkGray;italian;red_light;grey_regular;X
C833;DarkGray;italian;red_dark;green_dark;X
C834;DarkBlue;italian;red_regular;yellow_regular;X
C835;DarkOrange;italian;silver_regular;gold_regular;X
C836;DarkRed;italian;yellow_regular;blue_regular;X
C837;LightBlue;italian;green_dark;blue_regular;X
C838;LightBrown;italian;green_regular;blue_light;X
C839;LightGreen;italian;red_dark;blue_dark;X
C840;LightGreen;italian;grey_regular;black_regular;X
C841;DarkGray;italian;yellow_regular;yellow_regular;X
C842;DarkOrange;italian;green_light;red_light;X
C843;LightOrange;italian;gold_regular;red_dark;X
C844;Yellow;italian;blue_regular;red_regular;X
C845;LightBrown;italian;blue_light;silver_regular;X
C846;LightOrange;italian;silver_regular;yellow_regular;X
C847;DarkBlue;italian;green_dark;green_dark;X
C848;Yellow;italian;red_dark;green_regular;X
C849;Orange;italian;purple_regular;red_dark;X
C850;Orange;italian;blue_regular;grey_regular;X
C851;Orange;italian;grey_regular;yellow_regular;X
C852;Orange;italian;silver_regular;green_light;X
C853;Orange;italian;yellow_regular;gold_regular;X
C854;Orange;italian;red_regular;blue_regular;X
C855;Orange;italian;grey_regular;purple_regular;X
C856;Orange;italian;green_dark;red_dark;X
C857;Orange;italian;yellow_regular;white_regular;X
C858;Orange;italian;gold_regular;red_light;X
C859;Orange;italian;blue_regular;green_regular;X
C860;Orange;italian;blue_regular;grey_regular;X
C861;Orange;italian;blue_light;green_regular;X
C862;Orange;italian;blue_dark;green_light;X
C863;Orange;italian;black_regular;green_dark;X
C864;Orange;italian;yellow_regular;gold_regular;X
C865;Orange;italian;red_light;blue_regular;X
C866;Orange;italian;red_dark;blue_light;X
C867;Orange;italian;red_regular;blue_dark;X
C868;Orange;italian;silver_regular;black_regular;X
C869;Orange;italian;yellow_regular;yellow_regular;X
C870;Orange;italian;green_dark;white_regular;X
C871;Orange;italian;green_regular;silver_regular;X
C872;Orange;italian;red_dark;red_regular;X
C873;Orange;italian;grey_regular;gold_regular;X
C874;Orange;italian;yellow_regular;white_regular;X
C875;Orange;italian;green_light;red_light;X
C876;Orange;italian;gold_regular;red_dark;X
C877;Orange;italian;blue_regular;red_regular;X
C878;Orange;italian;blue_light;purple_regular;X
C879;Orange;italian;silver_regular;red_dark;X
C880;Orange;italian;green_dark;white_regular;X
C881;Orange;italian;red_dark;red_light;X
C882;Orange;italian;purple_regular;green_regular;X
C883;Orange;italian;blue_regular;grey_regular;X
C884;Orange;italian;grey_regular;green_regular;X
C885;Orange;italian;silver_regular;green_light;X
C886;Orange;italian;yellow_regular;green_dark;X
C887;Orange;italian;red_regular;gold_regular;X
C888;Orange;italian;grey_regular;blue_regular;X
C889;Orange;italian;green_dark;blue_light;X
C890;Orange;italian;yellow_regular;blue_dark;X
C891;Orange;italian;gold_regular;black_regular;X
C892;Orange;italian;blue_regular;yellow_regular;X
C893;Orange;italian;blue_regular;white_regular;X
C894;Orange;italian;blue_light;silver_regular;X
C895;Orange;italian;blue_dark;red_regular;X
C896;Orange;italian;black_regular;gold_regular;X
C897;Orange;italian;yellow_regular;white_regular;X
C898;Brown;italian;black_regular;grey_regular;X
C899;Orange;italian;yellow_regular;green_dark;X
C900;Orange;italian;red_light;yellow_regular;X
C901;Orange;italian;red_dark;gold_regular;X
C902;Orange;italian;red_regular;blue_regular;X
C903;Orange;italian;silver_regular;blue_regular;X
C904;Orange;italian;yellow_regular;blue_light;X
C905;Orange;italian;green_dark;blue_dark;X
C906;Orange;italian;green_regular;black_regular;X
C907;Orange;italian;red_dark;yellow_regular;X
C908;Orange;italian;grey_regular;black_regular;X
C909;Orange;italian;yellow_regular;yellow_regular;X
C910;Orange;italian;green_light;red_light;X
C911;Orange;italian;gold_regular;red_dark;X
C912;Orange;italian;blue_regular;red_regular;X
C913;Orange;italian;blue_light;silver_regular;X
C914;Orange;italian;silver_regular;yellow_regular;X
C915;Orange;italian;green_dark;green_dark;X
C916;Orange;italian;red_dark;green_regular;X
C917;Orange;italian;purple_regular;red_dark;X
C918;Orange;italian;blue_regular;grey_regular;X
C919;Orange;italian;grey_regular;yellow_regular;X
C920;Orange;italian;silver_regular;green_light;X
C921;Orange;italian;yellow_regular;gold_regular;X
C922;Orange;italian;red_regular;blue_regular;X
C923;Orange;italian;grey_regular;blue_light;X
C924;Orange;italian;green_dark;silver_regular;X
C925;Orange;italian;yellow_regular;green_dark;X
C926;Orange;italian;gold_regular;red_dark;X
C927;Orange;italian;blue_regular;purple_regular;X
C928;Orange;italian;blue_regular;blue_regular;X
C929;Orange;italian;blue_light;grey_regular;X
C930;Orange;italian;blue_dark;silver_regular;X
C931;Orange;italian;black_regular;yellow_regular;X
C932;Orange;italian;yellow_regular;red_regular;X
C933;Orange;italian;red_light;grey_regular;X
C934;Orange;italian;red_dark;green_dark;X
C935;Orange;italian;red_regular;yellow_regular;X
C936;Orange;italian;silver_regular;gold_regular;X
C937;Orange;italian;yellow_regular;blue_regular;X
C938;Orange;italian;green_dark;blue_regular;X
C939;Orange;italian;green_regular;blue_light;X
C940;Orange;italian;red_dark;blue_dark;X
C941;Orange;italian;grey_regular;black_regular;X
C942;Orange;italian;yellow_regular;yellow_regular;X
C943;Orange;italian;green_light;red_light;X
C944;Orange;italian;gold_regular;red_dark;X
C945;Orange;italian;blue_regular;red_regular;X
C946;Orange;italian;blue_light;silver_regular;X
C947;Orange;italian;silver_regular;yellow_regular;X
C948;Orange;italian;green_dark;green_dark;X
C949;Orange;italian;red_dark;green_regular;X
C950;Orange;italian;purple_regular;red_dark;X
C951;Orange;italian;blue_regular;grey_regular;X
C952;Orange;italian;grey_regular;yellow_regular;X
C953;Orange;italian;silver_regular;green_light;X
C954;Yellow;italian;yellow_regular;gold_regular;X
C955;LightRed;italian;red_regular;blue_regular;X
C956;LightGrey;italian;grey_regular;blue_light;X
C957;LightGreen;italian;green_dark;silver_regular;X
C958;White;italian;yellow_regular;green_dark;X
C959;Orange;italian;gold_regular;red_dark;X
C960;Orange;italian;blue_regular;purple_regular;X
C961;Orange;italian;blue_regular;blue_regular;X
C962;Orange;italian;blue_light;grey_regular;X
C963;Orange;italian;blue_dark;silver_regular;X
C964;Orange;italian;black_regular;yellow_regular;X
C965;Orange;italian;yellow_regular;red_regular;X
C966;Orange;italian;red_light;grey_regular;X
C967;Orange;italian;red_dark;green_dark;X
C968;Orange;italian;red_regular;purple_regular;X
C969;Orange;italian;silver_regular;red_dark;X
C970;Orange;italian;yellow_regular;white_regular;X
C971;Orange;italian;green_dark;red_light;X
C972;Orange;italian;green_regular;green_regular;X
C973;Orange;italian;red_dark;grey_regular;X
C974;Orange;italian;grey_regular;green_regular;X
C975;Orange;italian;yellow_regular;green_light;X
C976;Orange;italian;green_light;green_dark;X
C977;Orange;italian;gold_regular;gold_regular;X
C978;Orange;italian;blue_regular;blue_regular;X
C979;Orange;italian;blue_light;blue_light;X
C980;Orange;italian;silver_regular;blue_dark;X
C981;Orange;italian;green_dark;black_regular;X
C982;Orange;italian;red_dark;yellow_regular;X
C983;Orange;italian;purple_regular;white_regular;X
C984;Orange;italian;blue_regular;silver_regular;X
C985;Orange;italian;grey_regular;red_regular;X
C986;Orange;italian;silver_regular;gold_regular;X
C987;Orange;italian;yellow_regular;white_regular;X
C988;Orange;italian;red_regular;blue_regular;X
C989;Orange;italian;grey_regular;blue_light;X
C990;Orange;italian;green_dark;silver_regular;X
C991;Orange;italian;yellow_regular;green_dark;X
C992;Orange;italian;gold_regular;red_dark;X
C993;Orange;italian;blue_regular;purple_regular;X
C994;Orange;italian;blue_regular;blue_regular;X
C995;Brown;italian;blue_light;grey_regular;X
C996;Orange;italian;blue_dark;silver_regular;X
C997;DarkRed;italian;black_regular;yellow_regular;X
C998;Orange;italian;purple_regular;red_regular;X
C999;Orange;italian;red_dark;grey_regular;X
ABBA;DarkRed;muslim;black_regular;white_regular;X
ABKH;Brown;abghazian;green_dark;white_regular;X
ABYD;LightBrown;greek;grey_regular;gold_regular;X
ACHA;White;greek;red_regular;white_regular;X
ADRI;LightBlue;greek;red_regular;yellow_regular;X
AEGE;LightGray;greek;blue_light;purple_regular;X
AKAB;LightGray;frankish;green_light;blue_light;X
AKER;LightGray;norwegian;white_regular;blue_light;X
ALAN;LightGray;alan;red_regular;green_dark;X
ALEP;Brown;frankish;white_regular;yellow_regular;X
ALEX;DarkGray;muslim;blue_light;white_regular;X
ALGA;DarkGray;portuguese;red_regular;yellow_regular;X
ALGE;Gray;abghazian;red_regular;green_regular;X
ALHA;LightBlue;frankish;green_light;blue_regular;X
ALJA;LightBrown;frankish;gold_regular;green_light;X
ALME;Brown;castillan;white_regular;red_regular;X
ALMO;Gray;abghazian;white_regular;black_regular;X
ANJO;DarkBrown;frankish;blue_dark;gold_regular;X
ANTI;DarkOrange;greek;silver_regular;gold_regular;X
APUL;Yellow;italian;grey_regular;red_regular;X
ARAB;Gray;frankish;black_regular;red_dark;X
ARAG;LightBlue;catalan;yellow_regular;red_regular;X
ARGY;Blue;scottish;yellow_regular;black_regular;X
ARMA;Gray;latin;red_regular;blue_regular;X
ARME;LightBrown;armenian;blue_regular;red_regular;X
ARMI;LightBlue;armenian;white_regular;red_dark;X
ARTO;Yellow;frankish;blue_regular;red_regular;X
ASCA;DarkRed;frankish;blue_regular;blue_light;X
ASSA;LightBrown;persian;green_light;black_regular;X
ASTU;LightOrange;castillan;blue_regular;gold_regular;X
ASWA;LightOrange;frankish;red_regular;blue_regular;X
ATHO;Green;scottish;yellow_regular;red_regular;X
ATRI;Yellow;german;red_light;gold_regular;X
AUVE;DarkOrange;frankish;yellow_regular;red_regular;X
AYDI;LightGreen;turkish;green_light;red_regular;X
AYYU;Blue;muslim;black_regular;gold_regular;X
AZER;White;persian;blue_dark;gold_regular;X
AZOV;Yellow;russian;blue_light;gold_regular;X
BADA;Blue;castillan;blue_dark;red_dark;X
BAGH;Brown;frankish;purple_regular;gold_regular;X
BALE;DarkOrange;Catalan;red_regular;blue_regular;X
BASR;DarkGreen;frankish;blue_regular;white_regular;X
BAVA;DarkGray;german;blue_light;white_regular;X
BELG;Green;easternslavic;white_regular;red_dark;X
BELO;DarkBrown;russian;blue_light;yellow_regular;X
BENE;Blue;italian;grey_regular;red_dark;X
BENI;LightGray;abghazian;gold_regular;orange_regular;X
BERG;White;norwegian;white_regular;red_light;X
BERS;DarkOrange;swedish;blue_dark;gold_regular;X
BERW;Brown;scottish;red_regular;gold_regular;X
BJAR;LightGray;lappish;red_light;blue_regular;X
BOHE;LightGreen;bohemian;red_regular;grey_regular;X
BOLG;Yellow;alan;blue_light;white_regular;X
BORD;White;frankish;yellow_regular;red_regular;X
BOSN;Red;southslavic;blue_regular;yellow_regular;X
BOUG;Brown;frankish;red_regular;white_regular;X
BOUR;Yellow;frankish;blue_regular;white_regular;X
BRAB;DarkOrange;dutch;black_regular;silver_regular;X
BRAG;LightGray;portuguese;blue_regular;white_regular;X
BRAN;Green;german;white_regular;red_dark;X
BRIT;Gray;frankish;white_regular;black_regular;X
BUKH;LightBlue;turkish;green_regular;red_dark;X
BULG;DarkBlue;southslavic;gold_regular;red_dark;X
BURG;DarkRed;german;blue_light;yellow_regular;X
BUTR;Green;greek;blue_light;black_regular;X
BYZA;DarkBrown;greek;purple_regular;gold_regular;X
CAIR;DarkRed;frankish;blue_light;white_regular;X
CALA;White;italian;silver_regular;black_regular;X
CAMP;LightBrown;italian;blue_light;white_regular;X
CAND;White;turkish;gold_regular;black_regular;X
CAST;Yellow;castillan;red_regular;gold_regular;X
CATA;LightRed;catalan;gold_regular;red_dark;X
CHAL;LightOrange;greek;white_regular;red_regular;X
CHAM;Gray;frankish;blue_regular;white_regular;X
CHEE;Brown;russian;yellow_regular;orange_regular;X
CHER;White;greek;white_regular;black_regular;X
CILI;DarkGray;greek;yellow_regular;red_regular;X
COIM;LightOrange;portuguese;yellow_regular;silver_regular;X
CONN;Brown;irish;red_regular;white_regular;X
CONS;DarkRed;frankish;blue_light;red_regular;X
CORD;DarkRed;castillan;white_regular;red_dark;X
CORN;LightGreen;english;black_regular;yellow_regular;X
COUR;DarkRed;lettigallish;white_regular;grey_regular;X
CRIM;DarkGreen;frankish;red_regular;white_regular;X
CROA;Blue;southslavic;red_regular;white_regular;X
CUMA;DarkGreen;cuman;yellow_regular;green_regular;X
CUMB;DarkOrange;english;red_regular;yellow_regular;X
CURO;LightBlue;lettigallish;gold_regular;green_dark;X
CYPR;LightOrange;frankish;red_regular;gold_regular;X
CYRE;Brown;frankish;black_regular;gold_regular;X
DAMA;LightGray;frankish;white_regular;yellow_regular;X
DAMI;LightBlue;frankish;white_regular;black_regular;X
DAUP;LightBrown;frankish;blue_light;yellow_regular;X
DBAS;Red;frankish;black_regular;yellow_regular;X
DBOH;LightBlue;bohemian;red_light;grey_regular;X
DCAS;Yellow;castillan;gold_regular;red_light;X
DCRO;Yellow;southslavic;blue_light;white_regular;X
DEHE;DarkGray;welsh;red_dark;yellow_regular;X
DENM;DarkRed;danish;red_regular;white_regular;X
DERB;LightGreen;persian;gold_regular;blue_light;X
DFRA;DarkRed;frankish;red_dark;blue_light;X
DGEO;Blue;georgian;blue_dark;orange_regular;X
DMES;DarkRed;armenian;purple_regular;purple_regular;X
DNAV;DarkBlue;basque;yellow_regular;black_regular;X
DONA;LightRed;russian;blue_light;white_regular;X
DORO;DarkOrange;greek;yellow_regular;purple_regular;X
DSER;LightBlue;southslavic;yellow_regular;red_dark;X
DSYR;LightOrange;frankish;white_regular;black_regular;X
DTUN;LightBlue;frankish;yellow_regular;red_regular;X
DYRR;White;greek;green_dark;grey_regular;X
EDES;DarkBlue;frankish;yellow_regular;white_regular;X
EGYP;Brown;frankish;blue_dark;gold_regular;X
ELRI;DarkGreen;frankish;black_regular;white_regular;X
ENGL;LightRed;english;red_regular;red_regular;X
ERET;DarkRed;russian;green_light;blue_regular;X
ERZE;LightOrange;turkish;green_light;yellow_regular;X
ESAM;LightGray;lappish;blue_dark;grey_regular;X
ESFA;LightOrange;persian;blue_light;red_dark;X
ESSX;DarkGreen;english;white_regular;red_light;X
ESTH;LightRed;finnish;blue_regular;white_regular;X
ESTS;DarkOrange;finnish;yellow_regular;blue_light;X
EUPH;White;frankish;gold_regular;gold_regular;X
FARO;Green;norwegian;blue_light;white_regular;X
FATI;DarkGreen;muslim;green_regular;green_regular;X
FESA;Green;frankish;gold_regular;red_dark;X
FINL;LightGray;swedish;red_dark;gold_regular;X
FLAN;LightGreen;dutch;yellow_regular;black_regular;X
FRAC;Gray;german;blue_regular;gold_regular;X
FRAN;DarkBlue;frankish;blue_regular;gold_regular;X
FRIE;LightOrange;dutch;blue_light;yellow_regular;X
GALA;DarkGreen;greek;green_light;red_regular;X
GALC;DarkOrange;castillan;blue_regular;grey_regular;X
GALE;LightGreen;norman;red_regular;white_regular;X
GALI;LightBrown;russian;grey_regular;red_dark;X
GALL;LightGray;irish;white_regular;blue_regular;X
GENO;LightOrange;italian;white_regular;red_regular;X
GEOR;LightBlue;georgian;black_regular;white_regular;X
GERI;LightBrown;turkish;purple_regular;blue_regular;X
GERM;DarkYellow;german;yellow_regular;black_regular;X
GILA;LightOrange;turkish;red_dark;black_regular;X
GLOU;Green;english;gold_regular;blue_dark;X
GOLD;LightGreen;mongol;grey_regular;red_regular;X
GOTL;DarkGreen;swedish;blue_regular;white_regular;X
GPOL;LightOrange;polish;grey_regular;red_dark;X
GRAN;LightBlue;muslim;white_regular;green_dark;X
GWYN;Yellow;welsh;white_regular;green_dark;X
HAIN;LightGray;dutch;yellow_regular;red_dark;X
HAMM;LightBrown;abghazian;white_regular;black_regular;X
HAMP;LightBrown;english;white_regular;red_regular;X
HELL;LightOrange;greek;white_regular;blue_regular;X
HLYN;Gray;russian;gold_regular;green_regular;X
HOLS;DarkGreen;german;yellow_regular;red_regular;X
HOMS;White;frankish;green_light;purple_regular;X
HORM;Brown;frankish;blue_light;green_light;X
HOSP;Gray;frankish;red_regular;silver_regular;X
HREE;DarkYellow;german;black_regular;gold_regular;X
HUNG;Gray;hungarian;red_regular;green_regular;X
ICEL;LightGreen;norwegian;red_regular;blue_regular;X
IKON;Blue;greek;purple_regular;red_dark;X
ILKH;LightBlue;mongol;purple_regular;black_regular;X
IMER;DarkGray;georgian;red_dark;gold_regular;X
INGE;DarkRed;finnish;green_regular;blue_light;X
IREL;DarkGreen;irish;green_regular;green_regular;X
ISTR;Brown;southslavic;grey_regular;gold_regular;X
ITAL;Green;italian;yellow_regular;white_regular;X
JAMT;LightGreen;norwegian;silver_regular;blue_regular;X
JERU;LightRed;frankish;white_regular;gold_regular;X
KAFS;LightRed;abghazian;red_dark;green_regular;X
KAIR;DarkOrange;frankish;white_regular;black_regular;X
KAJA;LightOrange;finnish;blue_regular;grey_regular;X
KAPP;DarkBlue;greek;blue_dark;blue_light;X
KARA;DarkGreen;frankish;yellow_regular;blue_regular;X
KARB;DarkGray;frankish;red_dark;green_regular;X
KARE;DarkGreen;finnish;green_regular;red_regular;X
KARM;Green;turkish;red_dark;white_regular;X
KARN;LightBrown;german;yellow_regular;red_regular;X
KASS;LightGreen;alan;blue_light;yellow_regular;X
KEXH;DarkGray;finnish;red_dark;blue_dark;X
KHAZ;DarkRed;cuman;gold_regular;blue_dark;X
KHWA;LightRed;frankish;gold_regular;black_regular;X
KIEV;Yellow;russian;blue_light;yellow_regular;X
KIRK;Green;muslim;yellow_regular;yellow_regular;X
KOLA;Green;lappish;blue_light;red_light;X
KRAI;Yellow;german;white_regular;blue_dark;X
KRAK;DarkGray;polish;red_regular;white_regular;X
KRET;DarkRed;greek;blue_light;red_regular;X
LANC;Brown;english;white_regular;blue_light;X
LANG;Blue;italian;red_dark;white_regular;X
LAOD;White;greek;purple_regular;blue_light;X
LEIN;LightOrange;irish;green_regular;yellow_regular;X
LEMA;Red;frankish;yellow_regular;blue_dark;X
LEON;DarkGray;castillan;white_regular;purple_regular;X
LETT;Blue;lettigallish;blue_regular;red_regular;X
LITH;DarkOrange;lithuanian;grey_regular;red_regular;X
LITT;DarkGray;lithuanian;gold_regular;blue_light;X
LIVO;LightGreen;lettigallish;green_light;gold_regular;X
LOLO;LightGray;german;red_regular;white_regular;X
LOMB;DarkRed;italian;grey_regular;blue_dark;X
LOTH;LightGreen;scottish;gold_regular;green_light;X
LPOL;Green;polish;white_regular;red_light;X
LURI;DarkYellow;persian;grey_regular;blue_light;X
LUTA;DarkGray;persian;yellow_regular;silver_regular;X
LUXE;Brown;frankish;blue_regular;red_regular;X
LYKI;LightRed;greek;black_regular;green_light;X
MADA;DarkYellow;english;blue_regular;yellow_regular;X
MALE;LightRed;muslim;red_light;white_regular;X
MALL;LightRed;castillan;yellow_regular;blue_regular;X
MAML;Blue;muslim;blue_regular;yellow_regular;X
MAMM;DarkOrange;muslim;black_regular;gold_regular;X
MANN;Brown;scottish;grey_regular;red_regular;X
MARA;DarkGray;scottish;grey_regular;blue_light;X
MARB;DarkGray;muslim;grey_regular;blue_dark;X
MARC;DarkOrange;frankish;red_regular;blue_light;X
MARI;DarkBlue;abghazian;silver_regular;red_light;X
MARR;LightBrown;frankish;red_dark;grey_regular;X
MAUR;LightRed;muslim;red_dark;green_dark;X
MAZA;DarkBlue;frankish;purple_regular;red_light;X
MAZO;DarkRed;polish;white_regular;yellow_regular;X
MBAG;Yellow;muslim;black_regular;purple_regular;X
MDAM;White;muslim;gold_regular;black_regular;X
MEAT;Green;irish;green_regular;white_regular;X
MECK;DarkOrange;german;gold_regular;red_dark;X
MEDE;LightOrange;muslim;white_regular;gold_regular;X
MEDI;Green;frankish;green_light;white_regular;X
MEIS;DarkGreen;german;gold_regular;red_dark;X
MELA;LightGray;muslim;red_light;gold_regular;X
MENT;DarkBlue;turkish;blue_regular;gold_regular;X
MESO;LightBlue;frankish;green_regular;yellow_regular;X
MILA;Yellow;italian;blue_light;white_regular;X
MINS;DarkRed;russian;red_regular;white_regular;X
MJER;Brown;muslim;green_regular;yellow_regular;X
MKHW;Gray;turkish;blue_dark;red_dark;X
MMAZ;DarkRed;muslim;black_regular;gold_regular;X
MMED;Gray;muslim;gold_regular;blue_light;X
MMOS;Gray;muslim;silver_regular;blue_light;X
MOLD;DarkGray;southslavic;red_regular;black_regular;X
MORA;LightBrown;bohemian;blue_dark;red_regular;X
MORD;DarkOrange;finnish;grey_regular;red_regular;X
MORO;DarkOrange;welsh;blue_light;gold_regular;X
MOSC;White;russian;red_regular;blue_regular;X
MOSK;DarkBrown;russian;red_regular;grey_regular;X
MSIS;LightRed;muslim;orange_regular;black_regular;X
MTRI;LightGreen;muslim;black_regular;orange_regular;X
MUNS;Blue;irish;blue_regular;yellow_regular;X
MURA;LightOrange;abghazian;red_regular;black_regular;X
MURC;Blue;catalan;red_regular;gold_regular;X
MURO;LightRed;russian;red_regular;yellow_regular;X
NAFR;White;italian;green_light;red_regular;X
NAPL;LightGreen;italian;yellow_regular;black_regular;X
NAVA;Green;basque;green_dark;red_regular;X
NIKA;Green;greek;black_regular;yellow_regular;X
NIKO;DarkOrange;greek;yellow_regular;red_regular;X
NORF;DarkBlue;english;yellow_regular;black_regular;X
NORM;Green;frankish;red_regular;yellow_regular;X
NORR;Yellow;lappish;red_regular;blue_light;X
NORW;DarkGray;norwegian;green_dark;blue_regular;X
NOSE;Blue;russian;white_regular;blue_regular;X
NOVG;Red;russian;white_regular;blue_light;X
NUBI;LightOrange;greek;grey_regular;grey_regular;X
ORKN;DarkOrange;scottish;blue_regular;red_regular;X
ORLE;Blue;frankish;white_regular;red_regular;X
OSTE;DarkGreen;german;white_regular;red_regular;X
OSTR;Blue;swedish;gold_regular;red_regular;X
OTTO;LightBrown;turkish;red_regular;red_regular;X
OULT;LightBlue;frankish;gold_regular;red_regular;X
OXFO;DarkRed;english;white_regular;blue_regular;X
PALE;Brown;frankish;yellow_regular;silver_regular;X
PALM;White;welsh;green_light;gold_regular;X
PAPA;White;italian;white_regular;yellow_regular;X
PECH;DarkRed;pecheneg;red_dark;yellow_regular;X
PECS;DarkGray;hungarian;green_dark;purple_regular;X
PELO;DarkOrange;greek;green_dark;silver_regular;X
PERE;Green;russian;yellow_regular;red_regular;X
PERS;LightBrown;persian;red_regular;blue_dark;X
PEST;DarkRed;hungarian;gold_regular;red_dark;X
PETR;DarkBlue;frankish;black_regular;red_regular;X
PICA;Red;frankish;red_light;blue_light;X
PISA;Red;celtic;red_regular;white_regular;X
PODL;Green;lithuanian;orange_regular;red_light;X
POIT;LightGreen;frankish;blue_light;red_regular;X
POLA;LightOrange;polish;white_regular;red_regular;X
POLO;LightGray;lithuanian;blue_light;white_regular;X
POLV;DarkBlue;russian;green_light;red_regular;X
POMM;LightRed;german;red_dark;silver_regular;X
PORT;Brown;portuguese;red_regular;green_regular;X
PRES;White;german;red_light;grey_regular;X
PRON;LightBrown;polish;yellow_regular;green_light;X
PROV;LightBlue;frankish;red_regular;yellow_regular;X
PRUS;White;prussian;silver_regular;black_regular;X
PRUT;Brown;lithuanian;yellow_regular;red_regular;X
PSKO;White;russian;red_dark;red_light;X
QARA;DarkBlue;turkish;blue_regular;green_dark;X
QOMA;White;persian;grey_regular;black_regular;X
REBE;Orange;latin;black_regular;black_regular;x
ROMA;DarkBlue;italian;black_regular;white_regular;X
ROST;Yellow;russian;red_dark;red_dark;X
RUMS;Yellow;turkish;green_dark;purple_regular;X
RUSS;DarkGreen;russian;red_light;gold_regular;X
RYAZ;LightOrange;russian;yellow_regular;orange_regular;X
SALA;Red;castillan;red_dark;white_regular;X
SALI;DarkGray;english;blue_regular;white_regular;X
SAME;Brown;lappish;grey_regular;black_regular;X
SAMO;Gray;lithuanian;red_regular;black_regular;X
SAMS;DarkGray;greek;blue_regular;red_regular;X
SAND;Brown;polish;yellow_regular;red_regular;X
SARD;LightGray;italian;white_regular;black_regular;X
SARU;Brown;turkish;gold_regular;green_light;X
SATA;Yellow;finnish;blue_regular;yellow_regular;X
SAVO;LightGray;frankish;red_regular;white_regular;X
SAXO;Yellow;german;green_dark;black_regular;X
SCHW;DarkBlue;german;gold_regular;blue_light;X
SCOT;LightBlue;scottish;blue_dark;white_regular;X
SELJ;Yellow;turkish;blue_light;white_regular;X
SERB;LightGray;southslavic;silver_regular;red_dark;X
SEVI;White;castillan;grey_regular;red_dark;X
SGAL;White;dutch;yellow_regular;blue_regular;X
SHIR;Gray;persian;gold_regular;blue_regular;X
SICI;DarkBlue;italian;blue_regular;red_regular;X
SILE;Yellow;polish;yellow_regular;white_regular;X
SINA;DarkOrange;frankish;yellow_regular;grey_regular;X
SINO;Brown;greek;white_regular;black_regular;X
SJAE;Yellow;danish;white_regular;red_regular;X
SKAN;Gray;danish;red_dark;yellow_regular;X
SLAV;LightBrown;polish;red_regular;black_regular;X
SLOV;Blue;bohemian;blue_regular;yellow_regular;X
SMAL;Brown;swedish;red_light;gold_regular;X
SMOL;DarkYellow;russian;red_light;blue_light;X
SOUM;Gray;finnish;silver_regular;red_dark;X
SPMA;LightOrange;westernslavic;black_regular;yellow_regular;X
SPOL;DarkGray;italian;white_regular;red_regular;X
STEI;Blue;german;green_dark;silver_regular;X
STRA;Brown;german;yellow_regular;red_regular;X
STRY;LightBlue;greek;black_regular;red_dark;X
SUSS;LightGray;english;silver_regular;blue_regular;X
SUZD;White;russian;white_regular;black_regular;X
SVIG;Blue;german;yellow_regular;blue_dark;X
SWAB;Green;german;black_regular;yellow_regular;X
SWED;Blue;swedish;blue_regular;yellow_regular;X
SWIS;DarkBlue;german;white_regular;red_light;X
SYRI;DarkBlue;frankish;blue_light;red_regular;X
SZEK;LightGray;hungarian;yellow_regular;blue_regular;X
TABR;Green;persian;black_regular;blue_light;X
TANG;LightGreen;frankish;blue_light;white_regular;X
TAVA;White;finnish;red_regular;yellow_regular;X
TEJO;LightRed;castillan;yellow_regular;red_dark;X
TEKK;LightGray;turkish;green_dark;green_light;X
TEME;DarkGreen;hungarian;gold_regular;blue_dark;X
TEMP;DarkGreen;frankish;white_regular;black_regular;X
TEUT;LightRed;german;yellow_regular;grey_regular;X
THES;LightBrown;greek;yellow_regular;red_light;X
THRA;Yellow;greek;yellow_regular;red_light;X
THUR;LightBrown;german;blue_regular;white_regular;X
TIGR;LightGray;frankish;yellow_regular;green_regular;X
TIRO;DarkBrown;german;red_dark;white_regular;X
TOLE;DarkBrown;castillan;blue_dark;gold_regular;X
TORK;LightBlue;russian;black_regular;silver_regular;X
TOSC;Gray;italian;white_regular;red_regular;X
TOUL;DarkGreen;frankish;red_regular;yellow_regular;X
TRAN;LightBrown;catalan;yellow_regular;red_regular;X
TRAP;LightGray;greek;silver_regular;black_regular;X
TREB;DarkOrange;greek;black_regular;silver_regular;X
TRIP;Yellow;frankish;grey_regular;gold_regular;X
TRON;LightOrange;norwegian;blue_light;grey_regular;X
TUNI;LightOrange;frankish;yellow_regular;blue_light;X
TURK;LightBrown;turkish;gold_regular;blue_light;X
TURO;LightBlue;russian;red_dark;gold_regular;X
TVER;White;russian;gold_regular;red_light;X
TYRE;Gray;muslim;green_dark;white_regular;X
UGRI;Red;finnish;black_regular;white_regular;X
ULST;White;irish;yellow_regular;red_dark;X
UPLO;DarkGray;german;yellow_regular;red_dark;X
UPPL;Green;swedish;red_regular;gold_regular;X
URAL;Blue;pecheneg;blue_regular;gold_regular;X
USEZ;Blue;pecheneg;gold_regular;green_regular;X
VALE;DarkGreen;frankish;blue_regular;yellow_regular;X
VARN;LightGreen;southslavic;blue_light;black_regular;X
VAST;DarkBlue;swedish;black_regular;yellow_regular;X
VENE;White;italian;blue_regular;yellow_regular;X
VENI;DarkOrange;italian;yellow_regular;blue_light;X
VERO;LightRed;italian;gold_regular;blue_light;X
VIDI;LightOrange;southslavic;blue_dark;purple_regular;X
VISE;DarkBlue;russian;blue_light;gold_regular;X
VLAC;LightBlue;hungarian;blue_regular;green_light;X
VLAD;Green;russian;yellow_regular;silver_regular;X
VOLG;White;russian;blue_light;gold_regular;X
VOLH;White;lithuanian;silver_regular;red_dark;X
VOTE;LightBlue;pecheneg;green_regular;blue_light;X
WALE;DarkBrown;welsh;red_dark;green_regular;X
WALL;LightRed;iberian;yellow_regular;blue_regular;X
WARW;LightOrange;english;blue_regular;red_light;X
WEIS;LightGray;scottish;blue_dark;gold_regular;X
WIEL;DarkBlue;polish;white_regular;purple_regular;X
WSAM;DarkBlue;lappish;white_regular;green_regular;X
YARO;DarkRed;russian;yellow_regular;black_regular;X
YATV;Green;russian;blue_regular;white_regular;X
YORK;Blue;english;grey_regular;red_light;X
ZARA;LightBrown;castillan;blue_regular;yellow_regular;X
ZARB;White;southslavic;yellow_regular;blue_light;X
ZEMI;DarkGreen;lettigallish;grey_regular;blue_dark;X
ZENA;LightBlue;abghazian;green_light;purple_regular;X
ZIRI;LightRed;abghazian;red_light;black_regular;X
ZIYA;LightBrown;abghazian;white_regular;blue_regular;X
U000;Blue;castillan;green_dark;white_regular;X
U001;LightGrey;german;yellow_regular;blue_light;X
U002;DarkBrown;frankish;yellow_regular;white_regular;X
U003;DarkBrown;frankish;yellow_regular;white_regular;X
U004;DarkBrown;frankish;yellow_regular;white_regular;X
U005;DarkBrown;frankish;yellow_regular;white_regular;X
U006;DarkBrown;frankish;yellow_regular;white_regular;X
U007;DarkBrown;frankish;yellow_regular;white_regular;X
U008;DarkBrown;frankish;yellow_regular;white_regular;X
U009;DarkBrown;frankish;yellow_regular;white_regular;X
U010;DarkBrown;frankish;yellow_regular;white_regular;X
U011;DarkBrown;frankish;yellow_regular;white_regular;X
U012;DarkBrown;frankish;yellow_regular;white_regular;X
U013;DarkBrown;frankish;yellow_regular;white_regular;X
U014;LightRed;frankish;red_light;white_regular;X
U015;DarkBrown;greek;purple_regular;gold_regular;X
U016;LightBrown;frankish;gold_regular;red_regular;X
U017;White;castillan;yellow_regular;red_light;X
U018;LightOrange;latin;purple_regular;green_dark;X
U019;LightGray;german;red_regular;yellow_regular;X
END;DarkBrown;@;yellow_regular;LightBlue;X